recipe_id,ingredient_name,quantity,unit
aloo-paratha-6d7a6c,Wheat flour,3,cups
aloo-paratha-6d7a6c,Boiled potatoes,4,medium
aloo-paratha-6d7a6c,Green chillies,2,pieces
aloo-paratha-6d7a6c,Coriander,2,tbsp
aloo-paratha-6d7a6c,Garam masala,0.5,tsp
aloo-paratha-6d7a6c,Salt,1,tsp
aloo-paratha-6d7a6c,Ghee or oil,3,tbsp
aloo-paratha-6d7a6c,Water,as needed,
chicken-biryani-1e5d57,Basmati rice,2,cups
chicken-biryani-1e5d57,Chicken (with bone),800,grams
chicken-biryani-1e5d57,Onions (fried),3,medium
chicken-biryani-1e5d57,Yogurt,1,cup
chicken-biryani-1e5d57,Ginger garlic paste,2,tbsp
chicken-biryani-1e5d57,Biryani masala,2,tbsp
chicken-biryani-1e5d57,Turmeric,0.5,tsp
chicken-biryani-1e5d57,Red chilli powder,1,tsp
chicken-biryani-1e5d57,Garam masala,1,tsp
chicken-biryani-1e5d57,Mint leaves,0.5,cup
chicken-biryani-1e5d57,Coriander leaves,0.5,cup
chicken-biryani-1e5d57,Fried onions,1,cup
chicken-biryani-1e5d57,Saffron,0.001,pinch
chicken-biryani-1e5d57,Milk (warm),2,tbsp
chicken-biryani-1e5d57,Ghee,2,tbsp
chicken-biryani-1e5d57,Salt,1.5,tsp
chicken-biryani-1e5d57,"Whole spices (bay leaf,cinnamon,cardamom,cloves)",1,tbsp
chicken-biryani-1e5d57,Oil,2,tbsp
chicken-curry-1307bd,Chicken (cut),800,grams
chicken-curry-1307bd,Onion,2,medium
chicken-curry-1307bd,Tomato,2,medium
chicken-curry-1307bd,Ginger garlic paste,1,tbsp
chicken-curry-1307bd,Turmeric,0.5,tsp
chicken-curry-1307bd,Red chilli powder,1,tsp
chicken-curry-1307bd,Coriander powder,1,tbsp
chicken-curry-1307bd,Garam masala,1,tsp
chicken-curry-1307bd,Oil,3,tbsp
chicken-curry-1307bd,Salt,1.5,tsp
chicken-curry-1307bd,Coriander (garnish),2,tbsp
chicken-tacos-e1e0b9,Chicken breast (sliced),400,grams
chicken-tacos-e1e0b9,Taco spice mix,2,tbsp
chicken-tacos-e1e0b9,Tortillas,8,pieces
chicken-tacos-e1e0b9,Lettuce,1,cup shredded
chicken-tacos-e1e0b9,Tomato,1,cup diced
chicken-tacos-e1e0b9,Onion,0.5,cup chopped
chicken-tacos-e1e0b9,Oil,2,tbsp
chicken-tacos-e1e0b9,Sour cream (optional),4,tbsp
chocolate-cake-1cfb0b,All-purpose flour,1.5,cups
chocolate-cake-1cfb0b,Sugar,1,cup
chocolate-cake-1cfb0b,Cocoa powder,0.5,cup
chocolate-cake-1cfb0b,Baking powder,1,tsp
chocolate-cake-1cfb0b,Baking soda,0.5,tsp
chocolate-cake-1cfb0b,Salt,0.25,tsp
chocolate-cake-1cfb0b,Eggs,2,pieces
chocolate-cake-1cfb0b,Milk,0.5,cup
chocolate-cake-1cfb0b,Vegetable oil,0.5,cup
chocolate-cake-1cfb0b,Vanilla extract,1,tsp
chocolate-cake-1cfb0b,Hot water,0.5,cup
chole-masala-4b4978,Chickpeas (soaked overnight),2,cups
chole-masala-4b4978,Onion,2,medium
chole-masala-4b4978,Tomato,3,medium
chole-masala-4b4978,Ginger garlic paste,1,tbsp
chole-masala-4b4978,Chole masala,2,tbsp
chole-masala-4b4978,Red chilli powder,1,tsp
chole-masala-4b4978,Amchur (dry mango),0.5,tsp
chole-masala-4b4978,Oil,2,tbsp
chole-masala-4b4978,Salt,1.5,tsp
chole-masala-4b4978,Coriander,2,tbsp
dal-tadka-038f43,Toor dal,1,cup
dal-tadka-038f43,Turmeric,0.5,tsp
dal-tadka-038f43,Tomato,1,medium
dal-tadka-038f43,Garlic,4,cloves
dal-tadka-038f43,Ghee,2,tbsp
dal-tadka-038f43,Cumin seeds,1,tsp
dal-tadka-038f43,Red chilli,1,piece
dal-tadka-038f43,Curry leaves,5,leaves
dal-tadka-038f43,Salt,1,tsp
dal-tadka-038f43,Coriander (garnish),1,tbsp
egg-fried-rice-962d81,Cooked rice (day-old),2,cups
egg-fried-rice-962d81,Eggs,2,pieces
egg-fried-rice-962d81,Oil,2,tbsp
egg-fried-rice-962d81,Garlic,2,cloves
egg-fried-rice-962d81,Spring onions,2,tbsp
egg-fried-rice-962d81,Soy sauce,1,tbsp
egg-fried-rice-962d81,Salt,0.5,tsp
egg-fried-rice-962d81,Pepper,0.25,tsp
gulab-jamun-37f6d0,Milk powder,1,cup
gulab-jamun-37f6d0,All-purpose flour,0.25,cup
gulab-jamun-37f6d0,Baking soda (a pinch),0.01,tsp
gulab-jamun-37f6d0,Ghee or oil (for deep fry),500,ml
gulab-jamun-37f6d0,Milk (to knead),0.25,cup
gulab-jamun-37f6d0,Sugar,2,cups
gulab-jamun-37f6d0,Water,1.25,cups
gulab-jamun-37f6d0,Cardamom pods,4,pieces
gulab-jamun-37f6d0,Rose water (optional),1,tsp
idli-sambar-60d47e,Idli batter (rice+urad),4,cups
idli-sambar-60d47e,Toor dal,1,cup
idli-sambar-60d47e,Tamarind pulp,0.25,cup
idli-sambar-60d47e,Sambar powder,2,tbsp
idli-sambar-60d47e,"Mixed vegetables (drumstick, carrot, onion)",2,cups
idli-sambar-60d47e,Mustard seeds,1,tsp
idli-sambar-60d47e,Curry leaves,10,leaves
idli-sambar-60d47e,Oil,2,tbsp
idli-sambar-60d47e,Salt,1.5,tsp
kheer-12334d,Basmati rice,0.25,cup
kheer-12334d,Full cream milk,1,liter
kheer-12334d,Sugar,0.5,cup
kheer-12334d,Cardamom pods,3,pieces
kheer-12334d,Saffron (optional),1,pinch
kheer-12334d,Cashews & almonds (chopped),2,tbsp
kheer-12334d,Raisins,1,tbsp
khichdi-909bc6db,Rice,2,cups
khichdi-909bc6db,Moong dal,0.5,cups
khichdi-909bc6db,Toor dal,50,grams
khichdi-909bc6db,Onions,2,medium
khichdi-909bc6db,Tomato,1,small
khichdi-909bc6db,Green chilies,4,pieces
khichdi-909bc6db,Potato,1,small
khichdi-909bc6db,Curry leaves,10,leaves
khichdi-909bc6db,Coriander,15,grams
khichdi-909bc6db,Jeera,1,tsp
khichdi-909bc6db,Mustard seeds,0.25,tsp
khichdi-909bc6db,Turmeric,0.5,tsp
khichdi-909bc6db,Red chilli powder,1,tbsp
khichdi-909bc6db,Ginger garlic paste,7,grams
khichdi-909bc6db,Garam masala,1,tbsp
khichdi-909bc6db,Salt,1,tbsp
khichdi-909bc6db,Oil,20,ml
khichdi-909bc6db,Water,4,cups
masala-dosa-3d8339,Parboiled rice,3,cups
masala-dosa-3d8339,Urad dal (split),1,cup
masala-dosa-3d8339,Fenugreek seeds,1,tsp
masala-dosa-3d8339,Potatoes,4,medium
masala-dosa-3d8339,Onion,1,large
masala-dosa-3d8339,Mustard seeds,1,tsp
masala-dosa-3d8339,Curry leaves,10,leaves
masala-dosa-3d8339,Turmeric,0.5,tsp
masala-dosa-3d8339,Green chillies,2,pieces
masala-dosa-3d8339,Oil/ghee,3,tbsp
masala-dosa-3d8339,Salt,2,tsp
masala-dosa-3d8339,Water (for batter),as needed,
masala-dosa-3d8339,Corriander,2,tbsp
paneer-butter-masala-c68624,Paneer,250,grams
paneer-butter-masala-c68624,Butter,2,tbsp
paneer-butter-masala-c68624,Oil,1,tbsp
paneer-butter-masala-c68624,Onion,2,medium
paneer-butter-masala-c68624,Tomato,4,medium
paneer-butter-masala-c68624,Ginger garlic paste,1,tbsp
paneer-butter-masala-c68624,Cashews,12,pieces
paneer-butter-masala-c68624,Fresh cream,3,tbsp
paneer-butter-masala-c68624,Kashmiri red chilli powder,1.5,tsp
paneer-butter-masala-c68624,Turmeric powder,0.5,tsp
paneer-butter-masala-c68624,Coriander powder,1,tsp
paneer-butter-masala-c68624,Garam masala,1,tsp
paneer-butter-masala-c68624,Kasuri methi,1,tsp
paneer-butter-masala-c68624,Sugar,1,tsp
paneer-butter-masala-c68624,Salt,1,tsp
paneer-butter-masala-c68624,Water,0.5,cup
paneer-butter-masala-c68624,Coriander (garnish),2,tbsp
paneer-butter-masala-c68624,Cream (garnish),1,tsp
pasta-alfredo-7764e3,Fettuccine or pasta,200,grams
pasta-alfredo-7764e3,Butter,2,tbsp
pasta-alfredo-7764e3,Heavy cream,1,cup
pasta-alfredo-7764e3,Parmesan cheese,0.75,cup grated
pasta-alfredo-7764e3,Garlic (minced),2,cloves
pasta-alfredo-7764e3,Salt,0.5,tsp
pasta-alfredo-7764e3,Pepper,0.25,tsp
pasta-alfredo-7764e3,Parsley,1,tbsp chopped
pav-bhaji-ba0e72,Potatoes,4,medium
pav-bhaji-ba0e72,Cauliflower,1,cup chopped
pav-bhaji-ba0e72,Green peas,0.5,cup
pav-bhaji-ba0e72,Tomato,4,medium
pav-bhaji-ba0e72,Onion,2,medium
pav-bhaji-ba0e72,Pav bhaji masala,2,tbsp
pav-bhaji-ba0e72,Butter,3,tbsp
pav-bhaji-ba0e72,Oil,1,tbsp
pav-bhaji-ba0e72,Lemon,1,piece
pav-bhaji-ba0e72,Salt,1.5,tsp
pav-bhaji-ba0e72,Pav buns,8,pieces
pav-bhaji-ba0e72,Coriander (garnish),2,tbsp
sweet-corn-soup-6d7691,Sweet corn (canned or boiled),1,cup
sweet-corn-soup-6d7691,Vegetable stock or water,3,cups
sweet-corn-soup-6d7691,Onion (finely chopped),1,small
sweet-corn-soup-6d7691,Garlic (minced),2,cloves
sweet-corn-soup-6d7691,Carrot (finely chopped),0.25,cup
sweet-corn-soup-6d7691,Capsicum (finely chopped),0.25,cup
sweet-corn-soup-6d7691,Cornflour,1.5,tbsp
sweet-corn-soup-6d7691,"Egg (optional, beaten)",1,piece
sweet-corn-soup-6d7691,Salt,1,tsp
sweet-corn-soup-6d7691,Pepper,0.5,tsp
sweet-corn-soup-6d7691,Spring onion,1,tbsp chopped
sweet-corn-soup-6d7691,Oil,1,tbsp
tomato-soup-a813c8,Tomatoes (ripe),6,medium
tomato-soup-a813c8,Onion,1,small
tomato-soup-a813c8,Garlic,2,cloves
tomato-soup-a813c8,Vegetable stock or water,3,cups
tomato-soup-a813c8,Olive oil,1,tbsp
tomato-soup-a813c8,Sugar,0.5,tsp
tomato-soup-a813c8,Salt,1,tsp
tomato-soup-a813c8,Basil leaves (fresh),6,leaves
tomato-soup-a813c8,Cream (optional),1,tbsp
tomato-soup-a813c8,Pepper,0.25,tsp
tomato-soup-a813c8,Bread croutons (for serving),0.5,cup
veg-burrito-74023a,Tortilla wraps,2,pieces
veg-burrito-74023a,Cooked rice,1,cup
veg-burrito-74023a,Black beans (cooked),0.5,cup
veg-burrito-74023a,Corn,0.5,cup
veg-burrito-74023a,Bell pepper,0.5,cup chopped
veg-burrito-74023a,Onion,0.5,cup chopped
veg-burrito-74023a,Salsa,3,tbsp
veg-burrito-74023a,Cheese (optional),0.5,cup grated
veg-burrito-74023a,Lettuce,0.5,cup shredded
veg-hakka-noodles-55c3f0,Hakka noodles,200,grams
veg-hakka-noodles-55c3f0,Oil,2,tbsp
veg-hakka-noodles-55c3f0,Garlic,3,cloves
veg-hakka-noodles-55c3f0,Green chillies,1,piece
veg-hakka-noodles-55c3f0,Onion,1,medium
veg-hakka-noodles-55c3f0,Cabbage,1,cup shredded
veg-hakka-noodles-55c3f0,Carrot,0.5,cup julienned
veg-hakka-noodles-55c3f0,Capsicum,0.5,cup julienned
veg-hakka-noodles-55c3f0,Spring onion greens,2,tbsp
veg-hakka-noodles-55c3f0,Soya sauce,1.5,tbsp
veg-hakka-noodles-55c3f0,Vinegar,1,tsp
veg-hakka-noodles-55c3f0,Chilli sauce,1,tsp
veg-hakka-noodles-55c3f0,Salt,1,tsp
veg-hakka-noodles-55c3f0,Pepper,0.5,tsp
veg-manchurian-gravy-e7a92b,Cabbage,1,cup finely shredded
veg-manchurian-gravy-e7a92b,Carrot,0.5,cup grated
veg-manchurian-gravy-e7a92b,Capsicum,0.5,cup finely chopped
veg-manchurian-gravy-e7a92b,Maida / All-purpose flour,3,tbsp
veg-manchurian-gravy-e7a92b,Cornflour,2,tbsp
veg-manchurian-gravy-e7a92b,Salt,0.75,tsp
veg-manchurian-gravy-e7a92b,Pepper,0.5,tsp
veg-manchurian-gravy-e7a92b,Oil (for frying),500,ml
veg-manchurian-gravy-e7a92b,Oil (for gravy),2,tbsp
veg-manchurian-gravy-e7a92b,Garlic,4,cloves minced
veg-manchurian-gravy-e7a92b,Ginger,1,tsp minced
veg-manchurian-gravy-e7a92b,Onion,1,medium chopped
veg-manchurian-gravy-e7a92b,Tomato ketchup,2,tbsp
veg-manchurian-gravy-e7a92b,Soya sauce,1,tbsp
veg-manchurian-gravy-e7a92b,Vinegar,1,tsp
veg-manchurian-gravy-e7a92b,Spring onion,2,tbsp chopped
aloo-paratha-97cd53,Wheat flour,3,cups
aloo-paratha-97cd53,Boiled potatoes,4,medium
aloo-paratha-97cd53,Green chillies,2,pieces
aloo-paratha-97cd53,Coriander,2,tbsp
aloo-paratha-97cd53,Garam masala,0.5,tsp
aloo-paratha-97cd53,Salt,1,tsp
aloo-paratha-97cd53,Ghee or oil,3,tbsp
aloo-paratha-97cd53,Water,as needed,
chicken-biryani-ba7bc1,Basmati rice,2,cups
chicken-biryani-ba7bc1,Chicken (with bone),800,grams
chicken-biryani-ba7bc1,Onions (fried),3,medium
chicken-biryani-ba7bc1,Yogurt,1,cup
chicken-biryani-ba7bc1,Ginger garlic paste,2,tbsp
chicken-biryani-ba7bc1,Biryani masala,2,tbsp
chicken-biryani-ba7bc1,Turmeric,0.5,tsp
chicken-biryani-ba7bc1,Red chilli powder,1,tsp
chicken-biryani-ba7bc1,Garam masala,1,tsp
chicken-biryani-ba7bc1,Mint leaves,0.5,cup
chicken-biryani-ba7bc1,Coriander leaves,0.5,cup
chicken-biryani-ba7bc1,Fried onions,1,cup
chicken-biryani-ba7bc1,Saffron,0.001,pinch
chicken-biryani-ba7bc1,Milk (warm),2,tbsp
chicken-biryani-ba7bc1,Ghee,2,tbsp
chicken-biryani-ba7bc1,Salt,1.5,tsp
chicken-biryani-ba7bc1,"Whole spices (bay leaf,cinnamon,cardamom,cloves)",1,tbsp
chicken-biryani-ba7bc1,Oil,2,tbsp
chicken-curry-263486,Chicken (cut),800,grams
chicken-curry-263486,Onion,2,medium
chicken-curry-263486,Tomato,2,medium
chicken-curry-263486,Ginger garlic paste,1,tbsp
chicken-curry-263486,Turmeric,0.5,tsp
chicken-curry-263486,Red chilli powder,1,tsp
chicken-curry-263486,Coriander powder,1,tbsp
chicken-curry-263486,Garam masala,1,tsp
chicken-curry-263486,Oil,3,tbsp
chicken-curry-263486,Salt,1.5,tsp
chicken-curry-263486,Coriander (garnish),2,tbsp
chicken-tacos-351b72,Chicken breast (sliced),400,grams
chicken-tacos-351b72,Taco spice mix,2,tbsp
chicken-tacos-351b72,Tortillas,8,pieces
chicken-tacos-351b72,Lettuce,1,cup shredded
chicken-tacos-351b72,Tomato,1,cup diced
chicken-tacos-351b72,Onion,0.5,cup chopped
chicken-tacos-351b72,Oil,2,tbsp
chicken-tacos-351b72,Sour cream (optional),4,tbsp
chocolate-cake-f01122,All-purpose flour,1.5,cups
chocolate-cake-f01122,Sugar,1,cup
chocolate-cake-f01122,Cocoa powder,0.5,cup
chocolate-cake-f01122,Baking powder,1,tsp
chocolate-cake-f01122,Baking soda,0.5,tsp
chocolate-cake-f01122,Salt,0.25,tsp
chocolate-cake-f01122,Eggs,2,pieces
chocolate-cake-f01122,Milk,0.5,cup
chocolate-cake-f01122,Vegetable oil,0.5,cup
chocolate-cake-f01122,Vanilla extract,1,tsp
chocolate-cake-f01122,Hot water,0.5,cup
chole-masala-5c37aa,Chickpeas (soaked overnight),2,cups
chole-masala-5c37aa,Onion,2,medium
chole-masala-5c37aa,Tomato,3,medium
chole-masala-5c37aa,Ginger garlic paste,1,tbsp
chole-masala-5c37aa,Chole masala,2,tbsp
chole-masala-5c37aa,Red chilli powder,1,tsp
chole-masala-5c37aa,Amchur (dry mango),0.5,tsp
chole-masala-5c37aa,Oil,2,tbsp
chole-masala-5c37aa,Salt,1.5,tsp
chole-masala-5c37aa,Coriander,2,tbsp
dal-tadka-cd6ac5,Toor dal,1,cup
dal-tadka-cd6ac5,Turmeric,0.5,tsp
dal-tadka-cd6ac5,Tomato,1,medium
dal-tadka-cd6ac5,Garlic,4,cloves
dal-tadka-cd6ac5,Ghee,2,tbsp
dal-tadka-cd6ac5,Cumin seeds,1,tsp
dal-tadka-cd6ac5,Red chilli,1,piece
dal-tadka-cd6ac5,Curry leaves,5,leaves
dal-tadka-cd6ac5,Salt,1,tsp
dal-tadka-cd6ac5,Coriander (garnish),1,tbsp
egg-fried-rice-ebcced,Cooked rice (day-old),2,cups
egg-fried-rice-ebcced,Eggs,2,pieces
egg-fried-rice-ebcced,Oil,2,tbsp
egg-fried-rice-ebcced,Garlic,2,cloves
egg-fried-rice-ebcced,Spring onions,2,tbsp
egg-fried-rice-ebcced,Soy sauce,1,tbsp
egg-fried-rice-ebcced,Salt,0.5,tsp
egg-fried-rice-ebcced,Pepper,0.25,tsp
gulab-jamun-5033f7,Milk powder,1,cup
gulab-jamun-5033f7,All-purpose flour,0.25,cup
gulab-jamun-5033f7,Baking soda (a pinch),0.01,tsp
gulab-jamun-5033f7,Ghee or oil (for deep fry),500,ml
gulab-jamun-5033f7,Milk (to knead),0.25,cup
gulab-jamun-5033f7,Sugar,2,cups
gulab-jamun-5033f7,Water,1.25,cups
gulab-jamun-5033f7,Cardamom pods,4,pieces
gulab-jamun-5033f7,Rose water (optional),1,tsp
idli-sambar-35cf3e,Idli batter (rice+urad),4,cups
idli-sambar-35cf3e,Toor dal,1,cup
idli-sambar-35cf3e,Tamarind pulp,0.25,cup
idli-sambar-35cf3e,Sambar powder,2,tbsp
idli-sambar-35cf3e,"Mixed vegetables (drumstick, carrot, onion)",2,cups
idli-sambar-35cf3e,Mustard seeds,1,tsp
idli-sambar-35cf3e,Curry leaves,10,leaves
idli-sambar-35cf3e,Oil,2,tbsp
idli-sambar-35cf3e,Salt,1.5,tsp
kheer-b652e4,Basmati rice,0.25,cup
kheer-b652e4,Full cream milk,1,liter
kheer-b652e4,Sugar,0.5,cup
kheer-b652e4,Cardamom pods,3,pieces
kheer-b652e4,Saffron (optional),1,pinch
kheer-b652e4,Cashews & almonds (chopped),2,tbsp
kheer-b652e4,Raisins,1,tbsp
khichdi-cf1a02b3,Rice,2,cups
khichdi-cf1a02b3,Moong dal,0.5,cups
khichdi-cf1a02b3,Toor dal,50,grams
khichdi-cf1a02b3,Onions,2,medium
khichdi-cf1a02b3,Tomato,1,small
khichdi-cf1a02b3,Green chilies,4,pieces
khichdi-cf1a02b3,Potato,1,small
khichdi-cf1a02b3,Curry leaves,10,leaves
khichdi-cf1a02b3,Coriander,15,grams
khichdi-cf1a02b3,Jeera,1,tsp
khichdi-cf1a02b3,Mustard seeds,0.25,tsp
khichdi-cf1a02b3,Turmeric,0.5,tsp
khichdi-cf1a02b3,Red chilli powder,1,tbsp
khichdi-cf1a02b3,Ginger garlic paste,7,grams
khichdi-cf1a02b3,Garam masala,1,tbsp
khichdi-cf1a02b3,Salt,1,tbsp
khichdi-cf1a02b3,Oil,20,ml
khichdi-cf1a02b3,Water,4,cups
masala-dosa-0e7c2f,Parboiled rice,3,cups
masala-dosa-0e7c2f,Urad dal (split),1,cup
masala-dosa-0e7c2f,Fenugreek seeds,1,tsp
masala-dosa-0e7c2f,Potatoes,4,medium
masala-dosa-0e7c2f,Onion,1,large
masala-dosa-0e7c2f,Mustard seeds,1,tsp
masala-dosa-0e7c2f,Curry leaves,10,leaves
masala-dosa-0e7c2f,Turmeric,0.5,tsp
masala-dosa-0e7c2f,Green chillies,2,pieces
masala-dosa-0e7c2f,Oil/ghee,3,tbsp
masala-dosa-0e7c2f,Salt,2,tsp
masala-dosa-0e7c2f,Water (for batter),as needed,
masala-dosa-0e7c2f,Corriander,2,tbsp
paneer-butter-masala-7d6ed0,Paneer,250,grams
paneer-butter-masala-7d6ed0,Butter,2,tbsp
paneer-butter-masala-7d6ed0,Oil,1,tbsp
paneer-butter-masala-7d6ed0,Onion,2,medium
paneer-butter-masala-7d6ed0,Tomato,4,medium
paneer-butter-masala-7d6ed0,Ginger garlic paste,1,tbsp
paneer-butter-masala-7d6ed0,Cashews,12,pieces
paneer-butter-masala-7d6ed0,Fresh cream,3,tbsp
paneer-butter-masala-7d6ed0,Kashmiri red chilli powder,1.5,tsp
paneer-butter-masala-7d6ed0,Turmeric powder,0.5,tsp
paneer-butter-masala-7d6ed0,Coriander powder,1,tsp
paneer-butter-masala-7d6ed0,Garam masala,1,tsp
paneer-butter-masala-7d6ed0,Kasuri methi,1,tsp
paneer-butter-masala-7d6ed0,Sugar,1,tsp
paneer-butter-masala-7d6ed0,Salt,1,tsp
paneer-butter-masala-7d6ed0,Water,0.5,cup
paneer-butter-masala-7d6ed0,Coriander (garnish),2,tbsp
paneer-butter-masala-7d6ed0,Cream (garnish),1,tsp
pasta-alfredo-bf06c6,Fettuccine or pasta,200,grams
pasta-alfredo-bf06c6,Butter,2,tbsp
pasta-alfredo-bf06c6,Heavy cream,1,cup
pasta-alfredo-bf06c6,Parmesan cheese,0.75,cup grated
pasta-alfredo-bf06c6,Garlic (minced),2,cloves
pasta-alfredo-bf06c6,Salt,0.5,tsp
pasta-alfredo-bf06c6,Pepper,0.25,tsp
pasta-alfredo-bf06c6,Parsley,1,tbsp chopped
pav-bhaji-c8dc67,Potatoes,4,medium
pav-bhaji-c8dc67,Cauliflower,1,cup chopped
pav-bhaji-c8dc67,Green peas,0.5,cup
pav-bhaji-c8dc67,Tomato,4,medium
pav-bhaji-c8dc67,Onion,2,medium
pav-bhaji-c8dc67,Pav bhaji masala,2,tbsp
pav-bhaji-c8dc67,Butter,3,tbsp
pav-bhaji-c8dc67,Oil,1,tbsp
pav-bhaji-c8dc67,Lemon,1,piece
pav-bhaji-c8dc67,Salt,1.5,tsp
pav-bhaji-c8dc67,Pav buns,8,pieces
pav-bhaji-c8dc67,Coriander (garnish),2,tbsp
sweet-corn-soup-77c927,Sweet corn (canned or boiled),1,cup
sweet-corn-soup-77c927,Vegetable stock or water,3,cups
sweet-corn-soup-77c927,Onion (finely chopped),1,small
sweet-corn-soup-77c927,Garlic (minced),2,cloves
sweet-corn-soup-77c927,Carrot (finely chopped),0.25,cup
sweet-corn-soup-77c927,Capsicum (finely chopped),0.25,cup
sweet-corn-soup-77c927,Cornflour,1.5,tbsp
sweet-corn-soup-77c927,"Egg (optional, beaten)",1,piece
sweet-corn-soup-77c927,Salt,1,tsp
sweet-corn-soup-77c927,Pepper,0.5,tsp
sweet-corn-soup-77c927,Spring onion,1,tbsp chopped
sweet-corn-soup-77c927,Oil,1,tbsp
tomato-soup-c219c8,Tomatoes (ripe),6,medium
tomato-soup-c219c8,Onion,1,small
tomato-soup-c219c8,Garlic,2,cloves
tomato-soup-c219c8,Vegetable stock or water,3,cups
tomato-soup-c219c8,Olive oil,1,tbsp
tomato-soup-c219c8,Sugar,0.5,tsp
tomato-soup-c219c8,Salt,1,tsp
tomato-soup-c219c8,Basil leaves (fresh),6,leaves
tomato-soup-c219c8,Cream (optional),1,tbsp
tomato-soup-c219c8,Pepper,0.25,tsp
tomato-soup-c219c8,Bread croutons (for serving),0.5,cup
veg-burrito-a1bc63,Tortilla wraps,2,pieces
veg-burrito-a1bc63,Cooked rice,1,cup
veg-burrito-a1bc63,Black beans (cooked),0.5,cup
veg-burrito-a1bc63,Corn,0.5,cup
veg-burrito-a1bc63,Bell pepper,0.5,cup chopped
veg-burrito-a1bc63,Onion,0.5,cup chopped
veg-burrito-a1bc63,Salsa,3,tbsp
veg-burrito-a1bc63,Cheese (optional),0.5,cup grated
veg-burrito-a1bc63,Lettuce,0.5,cup shredded
veg-hakka-noodles-0d5438,Hakka noodles,200,grams
veg-hakka-noodles-0d5438,Oil,2,tbsp
veg-hakka-noodles-0d5438,Garlic,3,cloves
veg-hakka-noodles-0d5438,Green chillies,1,piece
veg-hakka-noodles-0d5438,Onion,1,medium
veg-hakka-noodles-0d5438,Cabbage,1,cup shredded
veg-hakka-noodles-0d5438,Carrot,0.5,cup julienned
veg-hakka-noodles-0d5438,Capsicum,0.5,cup julienned
veg-hakka-noodles-0d5438,Spring onion greens,2,tbsp
veg-hakka-noodles-0d5438,Soya sauce,1.5,tbsp
veg-hakka-noodles-0d5438,Vinegar,1,tsp
veg-hakka-noodles-0d5438,Chilli sauce,1,tsp
veg-hakka-noodles-0d5438,Salt,1,tsp
veg-hakka-noodles-0d5438,Pepper,0.5,tsp
veg-manchurian-gravy-d32525,Cabbage,1,cup finely shredded
veg-manchurian-gravy-d32525,Carrot,0.5,cup grated
veg-manchurian-gravy-d32525,Capsicum,0.5,cup finely chopped
veg-manchurian-gravy-d32525,Maida / All-purpose flour,3,tbsp
veg-manchurian-gravy-d32525,Cornflour,2,tbsp
veg-manchurian-gravy-d32525,Salt,0.75,tsp
veg-manchurian-gravy-d32525,Pepper,0.5,tsp
veg-manchurian-gravy-d32525,Oil (for frying),500,ml
veg-manchurian-gravy-d32525,Oil (for gravy),2,tbsp
veg-manchurian-gravy-d32525,Garlic,4,cloves minced
veg-manchurian-gravy-d32525,Ginger,1,tsp minced
veg-manchurian-gravy-d32525,Onion,1,medium chopped
veg-manchurian-gravy-d32525,Tomato ketchup,2,tbsp
veg-manchurian-gravy-d32525,Soya sauce,1,tbsp
veg-manchurian-gravy-d32525,Vinegar,1,tsp
veg-manchurian-gravy-d32525,Spring onion,2,tbsp chopped
aloo-paratha-43a5df,Wheat flour,3,cups
aloo-paratha-43a5df,Boiled potatoes,4,medium
aloo-paratha-43a5df,Green chillies,2,pieces
aloo-paratha-43a5df,Coriander,2,tbsp
aloo-paratha-43a5df,Garam masala,0.5,tsp
aloo-paratha-43a5df,Salt,1,tsp
aloo-paratha-43a5df,Ghee or oil,3,tbsp
aloo-paratha-43a5df,Water,as needed,
chicken-biryani-478714,Basmati rice,2,cups
chicken-biryani-478714,Chicken (with bone),800,grams
chicken-biryani-478714,Onions (fried),3,medium
chicken-biryani-478714,Yogurt,1,cup
chicken-biryani-478714,Ginger garlic paste,2,tbsp
chicken-biryani-478714,Biryani masala,2,tbsp
chicken-biryani-478714,Turmeric,0.5,tsp
chicken-biryani-478714,Red chilli powder,1,tsp
chicken-biryani-478714,Garam masala,1,tsp
chicken-biryani-478714,Mint leaves,0.5,cup
chicken-biryani-478714,Coriander leaves,0.5,cup
chicken-biryani-478714,Fried onions,1,cup
chicken-biryani-478714,Saffron,0.001,pinch
chicken-biryani-478714,Milk (warm),2,tbsp
chicken-biryani-478714,Ghee,2,tbsp
chicken-biryani-478714,Salt,1.5,tsp
chicken-biryani-478714,"Whole spices (bay leaf,cinnamon,cardamom,cloves)",1,tbsp
chicken-biryani-478714,Oil,2,tbsp
chicken-curry-839b8a,Chicken (cut),800,grams
chicken-curry-839b8a,Onion,2,medium
chicken-curry-839b8a,Tomato,2,medium
chicken-curry-839b8a,Ginger garlic paste,1,tbsp
chicken-curry-839b8a,Turmeric,0.5,tsp
chicken-curry-839b8a,Red chilli powder,1,tsp
chicken-curry-839b8a,Coriander powder,1,tbsp
chicken-curry-839b8a,Garam masala,1,tsp
chicken-curry-839b8a,Oil,3,tbsp
chicken-curry-839b8a,Salt,1.5,tsp
chicken-curry-839b8a,Coriander (garnish),2,tbsp
chicken-tacos-3537bc,Chicken breast (sliced),400,grams
chicken-tacos-3537bc,Taco spice mix,2,tbsp
chicken-tacos-3537bc,Tortillas,8,pieces
chicken-tacos-3537bc,Lettuce,1,cup shredded
chicken-tacos-3537bc,Tomato,1,cup diced
chicken-tacos-3537bc,Onion,0.5,cup chopped
chicken-tacos-3537bc,Oil,2,tbsp
chicken-tacos-3537bc,Sour cream (optional),4,tbsp
chocolate-cake-80b61a,All-purpose flour,1.5,cups
chocolate-cake-80b61a,Sugar,1,cup
chocolate-cake-80b61a,Cocoa powder,0.5,cup
chocolate-cake-80b61a,Baking powder,1,tsp
chocolate-cake-80b61a,Baking soda,0.5,tsp
chocolate-cake-80b61a,Salt,0.25,tsp
chocolate-cake-80b61a,Eggs,2,pieces
chocolate-cake-80b61a,Milk,0.5,cup
chocolate-cake-80b61a,Vegetable oil,0.5,cup
chocolate-cake-80b61a,Vanilla extract,1,tsp
chocolate-cake-80b61a,Hot water,0.5,cup
chole-masala-c339ad,Chickpeas (soaked overnight),2,cups
chole-masala-c339ad,Onion,2,medium
chole-masala-c339ad,Tomato,3,medium
chole-masala-c339ad,Ginger garlic paste,1,tbsp
chole-masala-c339ad,Chole masala,2,tbsp
chole-masala-c339ad,Red chilli powder,1,tsp
chole-masala-c339ad,Amchur (dry mango),0.5,tsp
chole-masala-c339ad,Oil,2,tbsp
chole-masala-c339ad,Salt,1.5,tsp
chole-masala-c339ad,Coriander,2,tbsp
dal-tadka-b4e22c,Toor dal,1,cup
dal-tadka-b4e22c,Turmeric,0.5,tsp
dal-tadka-b4e22c,Tomato,1,medium
dal-tadka-b4e22c,Garlic,4,cloves
dal-tadka-b4e22c,Ghee,2,tbsp
dal-tadka-b4e22c,Cumin seeds,1,tsp
dal-tadka-b4e22c,Red chilli,1,piece
dal-tadka-b4e22c,Curry leaves,5,leaves
dal-tadka-b4e22c,Salt,1,tsp
dal-tadka-b4e22c,Coriander (garnish),1,tbsp
egg-fried-rice-12dc44,Cooked rice (day-old),2,cups
egg-fried-rice-12dc44,Eggs,2,pieces
egg-fried-rice-12dc44,Oil,2,tbsp
egg-fried-rice-12dc44,Garlic,2,cloves
egg-fried-rice-12dc44,Spring onions,2,tbsp
egg-fried-rice-12dc44,Soy sauce,1,tbsp
egg-fried-rice-12dc44,Salt,0.5,tsp
egg-fried-rice-12dc44,Pepper,0.25,tsp
gulab-jamun-1346cf,Milk powder,1,cup
gulab-jamun-1346cf,All-purpose flour,0.25,cup
gulab-jamun-1346cf,Baking soda (a pinch),0.01,tsp
gulab-jamun-1346cf,Ghee or oil (for deep fry),500,ml
gulab-jamun-1346cf,Milk (to knead),0.25,cup
gulab-jamun-1346cf,Sugar,2,cups
gulab-jamun-1346cf,Water,1.25,cups
gulab-jamun-1346cf,Cardamom pods,4,pieces
gulab-jamun-1346cf,Rose water (optional),1,tsp
idli-sambar-9bc1ff,Idli batter (rice+urad),4,cups
idli-sambar-9bc1ff,Toor dal,1,cup
idli-sambar-9bc1ff,Tamarind pulp,0.25,cup
idli-sambar-9bc1ff,Sambar powder,2,tbsp
idli-sambar-9bc1ff,"Mixed vegetables (drumstick, carrot, onion)",2,cups
idli-sambar-9bc1ff,Mustard seeds,1,tsp
idli-sambar-9bc1ff,Curry leaves,10,leaves
idli-sambar-9bc1ff,Oil,2,tbsp
idli-sambar-9bc1ff,Salt,1.5,tsp
kheer-e3ef20,Basmati rice,0.25,cup
kheer-e3ef20,Full cream milk,1,liter
kheer-e3ef20,Sugar,0.5,cup
kheer-e3ef20,Cardamom pods,3,pieces
kheer-e3ef20,Saffron (optional),1,pinch
kheer-e3ef20,Cashews & almonds (chopped),2,tbsp
kheer-e3ef20,Raisins,1,tbsp
khichdi-37255734,Rice,2,cups
khichdi-37255734,Moong dal,0.5,cups
khichdi-37255734,Toor dal,50,grams
khichdi-37255734,Onions,2,medium
khichdi-37255734,Tomato,1,small
khichdi-37255734,Green chilies,4,pieces
khichdi-37255734,Potato,1,small
khichdi-37255734,Curry leaves,10,leaves
khichdi-37255734,Coriander,15,grams
khichdi-37255734,Jeera,1,tsp
khichdi-37255734,Mustard seeds,0.25,tsp
khichdi-37255734,Turmeric,0.5,tsp
khichdi-37255734,Red chilli powder,1,tbsp
khichdi-37255734,Ginger garlic paste,7,grams
khichdi-37255734,Garam masala,1,tbsp
khichdi-37255734,Salt,1,tbsp
khichdi-37255734,Oil,20,ml
khichdi-37255734,Water,4,cups
masala-dosa-733f88,Parboiled rice,3,cups
masala-dosa-733f88,Urad dal (split),1,cup
masala-dosa-733f88,Fenugreek seeds,1,tsp
masala-dosa-733f88,Potatoes,4,medium
masala-dosa-733f88,Onion,1,large
masala-dosa-733f88,Mustard seeds,1,tsp
masala-dosa-733f88,Curry leaves,10,leaves
masala-dosa-733f88,Turmeric,0.5,tsp
masala-dosa-733f88,Green chillies,2,pieces
masala-dosa-733f88,Oil/ghee,3,tbsp
masala-dosa-733f88,Salt,2,tsp
masala-dosa-733f88,Water (for batter),as needed,
masala-dosa-733f88,Corriander,2,tbsp
paneer-butter-masala-6b6d65,Paneer,250,grams
paneer-butter-masala-6b6d65,Butter,2,tbsp
paneer-butter-masala-6b6d65,Oil,1,tbsp
paneer-butter-masala-6b6d65,Onion,2,medium
paneer-butter-masala-6b6d65,Tomato,4,medium
paneer-butter-masala-6b6d65,Ginger garlic paste,1,tbsp
paneer-butter-masala-6b6d65,Cashews,12,pieces
paneer-butter-masala-6b6d65,Fresh cream,3,tbsp
paneer-butter-masala-6b6d65,Kashmiri red chilli powder,1.5,tsp
paneer-butter-masala-6b6d65,Turmeric powder,0.5,tsp
paneer-butter-masala-6b6d65,Coriander powder,1,tsp
paneer-butter-masala-6b6d65,Garam masala,1,tsp
paneer-butter-masala-6b6d65,Kasuri methi,1,tsp
paneer-butter-masala-6b6d65,Sugar,1,tsp
paneer-butter-masala-6b6d65,Salt,1,tsp
paneer-butter-masala-6b6d65,Water,0.5,cup
paneer-butter-masala-6b6d65,Coriander (garnish),2,tbsp
paneer-butter-masala-6b6d65,Cream (garnish),1,tsp
pasta-alfredo-1175f5,Fettuccine or pasta,200,grams
pasta-alfredo-1175f5,Butter,2,tbsp
pasta-alfredo-1175f5,Heavy cream,1,cup
pasta-alfredo-1175f5,Parmesan cheese,0.75,cup grated
pasta-alfredo-1175f5,Garlic (minced),2,cloves
pasta-alfredo-1175f5,Salt,0.5,tsp
pasta-alfredo-1175f5,Pepper,0.25,tsp
pasta-alfredo-1175f5,Parsley,1,tbsp chopped
pav-bhaji-ff8248,Potatoes,4,medium
pav-bhaji-ff8248,Cauliflower,1,cup chopped
pav-bhaji-ff8248,Green peas,0.5,cup
pav-bhaji-ff8248,Tomato,4,medium
pav-bhaji-ff8248,Onion,2,medium
pav-bhaji-ff8248,Pav bhaji masala,2,tbsp
pav-bhaji-ff8248,Butter,3,tbsp
pav-bhaji-ff8248,Oil,1,tbsp
pav-bhaji-ff8248,Lemon,1,piece
pav-bhaji-ff8248,Salt,1.5,tsp
pav-bhaji-ff8248,Pav buns,8,pieces
pav-bhaji-ff8248,Coriander (garnish),2,tbsp
sweet-corn-soup-3ba218,Sweet corn (canned or boiled),1,cup
sweet-corn-soup-3ba218,Vegetable stock or water,3,cups
sweet-corn-soup-3ba218,Onion (finely chopped),1,small
sweet-corn-soup-3ba218,Garlic (minced),2,cloves
sweet-corn-soup-3ba218,Carrot (finely chopped),0.25,cup
sweet-corn-soup-3ba218,Capsicum (finely chopped),0.25,cup
sweet-corn-soup-3ba218,Cornflour,1.5,tbsp
sweet-corn-soup-3ba218,"Egg (optional, beaten)",1,piece
sweet-corn-soup-3ba218,Salt,1,tsp
sweet-corn-soup-3ba218,Pepper,0.5,tsp
sweet-corn-soup-3ba218,Spring onion,1,tbsp chopped
sweet-corn-soup-3ba218,Oil,1,tbsp
tomato-soup-d1e249,Tomatoes (ripe),6,medium
tomato-soup-d1e249,Onion,1,small
tomato-soup-d1e249,Garlic,2,cloves
tomato-soup-d1e249,Vegetable stock or water,3,cups
tomato-soup-d1e249,Olive oil,1,tbsp
tomato-soup-d1e249,Sugar,0.5,tsp
tomato-soup-d1e249,Salt,1,tsp
tomato-soup-d1e249,Basil leaves (fresh),6,leaves
tomato-soup-d1e249,Cream (optional),1,tbsp
tomato-soup-d1e249,Pepper,0.25,tsp
tomato-soup-d1e249,Bread croutons (for serving),0.5,cup
veg-burrito-9dc677,Tortilla wraps,2,pieces
veg-burrito-9dc677,Cooked rice,1,cup
veg-burrito-9dc677,Black beans (cooked),0.5,cup
veg-burrito-9dc677,Corn,0.5,cup
veg-burrito-9dc677,Bell pepper,0.5,cup chopped
veg-burrito-9dc677,Onion,0.5,cup chopped
veg-burrito-9dc677,Salsa,3,tbsp
veg-burrito-9dc677,Cheese (optional),0.5,cup grated
veg-burrito-9dc677,Lettuce,0.5,cup shredded
veg-hakka-noodles-5f19f2,Hakka noodles,200,grams
veg-hakka-noodles-5f19f2,Oil,2,tbsp
veg-hakka-noodles-5f19f2,Garlic,3,cloves
veg-hakka-noodles-5f19f2,Green chillies,1,piece
veg-hakka-noodles-5f19f2,Onion,1,medium
veg-hakka-noodles-5f19f2,Cabbage,1,cup shredded
veg-hakka-noodles-5f19f2,Carrot,0.5,cup julienned
veg-hakka-noodles-5f19f2,Capsicum,0.5,cup julienned
veg-hakka-noodles-5f19f2,Spring onion greens,2,tbsp
veg-hakka-noodles-5f19f2,Soya sauce,1.5,tbsp
veg-hakka-noodles-5f19f2,Vinegar,1,tsp
veg-hakka-noodles-5f19f2,Chilli sauce,1,tsp
veg-hakka-noodles-5f19f2,Salt,1,tsp
veg-hakka-noodles-5f19f2,Pepper,0.5,tsp
veg-manchurian-gravy-a8b208,Cabbage,1,cup finely shredded
veg-manchurian-gravy-a8b208,Carrot,0.5,cup grated
veg-manchurian-gravy-a8b208,Capsicum,0.5,cup finely chopped
veg-manchurian-gravy-a8b208,Maida / All-purpose flour,3,tbsp
veg-manchurian-gravy-a8b208,Cornflour,2,tbsp
veg-manchurian-gravy-a8b208,Salt,0.75,tsp
veg-manchurian-gravy-a8b208,Pepper,0.5,tsp
veg-manchurian-gravy-a8b208,Oil (for frying),500,ml
veg-manchurian-gravy-a8b208,Oil (for gravy),2,tbsp
veg-manchurian-gravy-a8b208,Garlic,4,cloves minced
veg-manchurian-gravy-a8b208,Ginger,1,tsp minced
veg-manchurian-gravy-a8b208,Onion,1,medium chopped
veg-manchurian-gravy-a8b208,Tomato ketchup,2,tbsp
veg-manchurian-gravy-a8b208,Soya sauce,1,tbsp
veg-manchurian-gravy-a8b208,Vinegar,1,tsp
veg-manchurian-gravy-a8b208,Spring onion,2,tbsp chopped
test-paneer-9593,Paneer,200,grams
test-paneer-9593,Tomato,2,pcs
test-soup-6973,Carrot,1,pcs
test-soup-6973,Corn,1/2,cup
good-c172e7,Paneer,200,grams
good-c172e7,Curd,3,tbsp
good-e457f3,Pasta,150,grams
good-e457f3,Cream,1/2,cup
aloo-paratha-b301b2,Wheat flour,3,cups
aloo-paratha-b301b2,Boiled potatoes,4,medium
aloo-paratha-b301b2,Green chillies,2,pieces
aloo-paratha-b301b2,Coriander,2,tbsp
aloo-paratha-b301b2,Garam masala,0.5,tsp
aloo-paratha-b301b2,Salt,1,tsp
aloo-paratha-b301b2,Ghee or oil,3,tbsp
aloo-paratha-b301b2,Water,as needed,
chicken-biryani-c48283,Basmati rice,2,cups
chicken-biryani-c48283,Chicken (with bone),800,grams
chicken-biryani-c48283,Onions (fried),3,medium
chicken-biryani-c48283,Yogurt,1,cup
chicken-biryani-c48283,Ginger garlic paste,2,tbsp
chicken-biryani-c48283,Biryani masala,2,tbsp
chicken-biryani-c48283,Turmeric,0.5,tsp
chicken-biryani-c48283,Red chilli powder,1,tsp
chicken-biryani-c48283,Garam masala,1,tsp
chicken-biryani-c48283,Mint leaves,0.5,cup
chicken-biryani-c48283,Coriander leaves,0.5,cup
chicken-biryani-c48283,Fried onions,1,cup
chicken-biryani-c48283,Saffron,0.001,pinch
chicken-biryani-c48283,Milk (warm),2,tbsp
chicken-biryani-c48283,Ghee,2,tbsp
chicken-biryani-c48283,Salt,1.5,tsp
chicken-biryani-c48283,"Whole spices (bay leaf,cinnamon,cardamom,cloves)",1,tbsp
chicken-biryani-c48283,Oil,2,tbsp
chicken-curry-6f2156,Chicken (cut),800,grams
chicken-curry-6f2156,Onion,2,medium
chicken-curry-6f2156,Tomato,2,medium
chicken-curry-6f2156,Ginger garlic paste,1,tbsp
chicken-curry-6f2156,Turmeric,0.5,tsp
chicken-curry-6f2156,Red chilli powder,1,tsp
chicken-curry-6f2156,Coriander powder,1,tbsp
chicken-curry-6f2156,Garam masala,1,tsp
chicken-curry-6f2156,Oil,3,tbsp
chicken-curry-6f2156,Salt,1.5,tsp
chicken-curry-6f2156,Coriander (garnish),2,tbsp
chicken-tacos-6e8af7,Chicken breast (sliced),400,grams
chicken-tacos-6e8af7,Taco spice mix,2,tbsp
chicken-tacos-6e8af7,Tortillas,8,pieces
chicken-tacos-6e8af7,Lettuce,1,cup shredded
chicken-tacos-6e8af7,Tomato,1,cup diced
chicken-tacos-6e8af7,Onion,0.5,cup chopped
chicken-tacos-6e8af7,Oil,2,tbsp
chicken-tacos-6e8af7,Sour cream (optional),4,tbsp
chocolate-cake-ecf321,All-purpose flour,1.5,cups
chocolate-cake-ecf321,Sugar,1,cup
chocolate-cake-ecf321,Cocoa powder,0.5,cup
chocolate-cake-ecf321,Baking powder,1,tsp
chocolate-cake-ecf321,Baking soda,0.5,tsp
chocolate-cake-ecf321,Salt,0.25,tsp
chocolate-cake-ecf321,Eggs,2,pieces
chocolate-cake-ecf321,Milk,0.5,cup
chocolate-cake-ecf321,Vegetable oil,0.5,cup
chocolate-cake-ecf321,Vanilla extract,1,tsp
chocolate-cake-ecf321,Hot water,0.5,cup
chole-masala-4b2d6f,Chickpeas (soaked overnight),2,cups
chole-masala-4b2d6f,Onion,2,medium
chole-masala-4b2d6f,Tomato,3,medium
chole-masala-4b2d6f,Ginger garlic paste,1,tbsp
chole-masala-4b2d6f,Chole masala,2,tbsp
chole-masala-4b2d6f,Red chilli powder,1,tsp
chole-masala-4b2d6f,Amchur (dry mango),0.5,tsp
chole-masala-4b2d6f,Oil,2,tbsp
chole-masala-4b2d6f,Salt,1.5,tsp
chole-masala-4b2d6f,Coriander,2,tbsp
dal-tadka-bfaa1c,Toor dal,1,cup
dal-tadka-bfaa1c,Turmeric,0.5,tsp
dal-tadka-bfaa1c,Tomato,1,medium
dal-tadka-bfaa1c,Garlic,4,cloves
dal-tadka-bfaa1c,Ghee,2,tbsp
dal-tadka-bfaa1c,Cumin seeds,1,tsp
dal-tadka-bfaa1c,Red chilli,1,piece
dal-tadka-bfaa1c,Curry leaves,5,leaves
dal-tadka-bfaa1c,Salt,1,tsp
dal-tadka-bfaa1c,Coriander (garnish),1,tbsp
egg-fried-rice-22e066,Cooked rice (day-old),2,cups
egg-fried-rice-22e066,Eggs,2,pieces
egg-fried-rice-22e066,Oil,2,tbsp
egg-fried-rice-22e066,Garlic,2,cloves
egg-fried-rice-22e066,Spring onions,2,tbsp
egg-fried-rice-22e066,Soy sauce,1,tbsp
egg-fried-rice-22e066,Salt,0.5,tsp
egg-fried-rice-22e066,Pepper,0.25,tsp
gulab-jamun-4590f3,Milk powder,1,cup
gulab-jamun-4590f3,All-purpose flour,0.25,cup
gulab-jamun-4590f3,Baking soda (a pinch),0.01,tsp
gulab-jamun-4590f3,Ghee or oil (for deep fry),500,ml
gulab-jamun-4590f3,Milk (to knead),0.25,cup
gulab-jamun-4590f3,Sugar,2,cups
gulab-jamun-4590f3,Water,1.25,cups
gulab-jamun-4590f3,Cardamom pods,4,pieces
gulab-jamun-4590f3,Rose water (optional),1,tsp
idli-sambar-4b4565,Idli batter (rice+urad),4,cups
idli-sambar-4b4565,Toor dal,1,cup
idli-sambar-4b4565,Tamarind pulp,0.25,cup
idli-sambar-4b4565,Sambar powder,2,tbsp
idli-sambar-4b4565,"Mixed vegetables (drumstick, carrot, onion)",2,cups
idli-sambar-4b4565,Mustard seeds,1,tsp
idli-sambar-4b4565,Curry leaves,10,leaves
idli-sambar-4b4565,Oil,2,tbsp
idli-sambar-4b4565,Salt,1.5,tsp
kheer-183958,Basmati rice,0.25,cup
kheer-183958,Full cream milk,1,liter
kheer-183958,Sugar,0.5,cup
kheer-183958,Cardamom pods,3,pieces
kheer-183958,Saffron (optional),1,pinch
kheer-183958,Cashews & almonds (chopped),2,tbsp
kheer-183958,Raisins,1,tbsp
khichdi-4d359897,Rice,2,cups
khichdi-4d359897,Moong dal,0.5,cups
khichdi-4d359897,Toor dal,50,grams
khichdi-4d359897,Onions,2,medium
khichdi-4d359897,Tomato,1,small
khichdi-4d359897,Green chilies,4,pieces
khichdi-4d359897,Potato,1,small
khichdi-4d359897,Curry leaves,10,leaves
khichdi-4d359897,Coriander,15,grams
khichdi-4d359897,Jeera,1,tsp
khichdi-4d359897,Mustard seeds,0.25,tsp
khichdi-4d359897,Turmeric,0.5,tsp
khichdi-4d359897,Red chilli powder,1,tbsp
khichdi-4d359897,Ginger garlic paste,7,grams
khichdi-4d359897,Garam masala,1,tbsp
khichdi-4d359897,Salt,1,tbsp
khichdi-4d359897,Oil,20,ml
khichdi-4d359897,Water,4,cups
masala-dosa-3040b4,Parboiled rice,3,cups
masala-dosa-3040b4,Urad dal (split),1,cup
masala-dosa-3040b4,Fenugreek seeds,1,tsp
masala-dosa-3040b4,Potatoes,4,medium
masala-dosa-3040b4,Onion,1,large
masala-dosa-3040b4,Mustard seeds,1,tsp
masala-dosa-3040b4,Curry leaves,10,leaves
masala-dosa-3040b4,Turmeric,0.5,tsp
masala-dosa-3040b4,Green chillies,2,pieces
masala-dosa-3040b4,Oil/ghee,3,tbsp
masala-dosa-3040b4,Salt,2,tsp
masala-dosa-3040b4,Water (for batter),as needed,
masala-dosa-3040b4,Corriander,2,tbsp
paneer-butter-masala-852241,Paneer,250,grams
paneer-butter-masala-852241,Butter,2,tbsp
paneer-butter-masala-852241,Oil,1,tbsp
paneer-butter-masala-852241,Onion,2,medium
paneer-butter-masala-852241,Tomato,4,medium
paneer-butter-masala-852241,Ginger garlic paste,1,tbsp
paneer-butter-masala-852241,Cashews,12,pieces
paneer-butter-masala-852241,Fresh cream,3,tbsp
paneer-butter-masala-852241,Kashmiri red chilli powder,1.5,tsp
paneer-butter-masala-852241,Turmeric powder,0.5,tsp
paneer-butter-masala-852241,Coriander powder,1,tsp
paneer-butter-masala-852241,Garam masala,1,tsp
paneer-butter-masala-852241,Kasuri methi,1,tsp
paneer-butter-masala-852241,Sugar,1,tsp
paneer-butter-masala-852241,Salt,1,tsp
paneer-butter-masala-852241,Water,0.5,cup
paneer-butter-masala-852241,Coriander (garnish),2,tbsp
paneer-butter-masala-852241,Cream (garnish),1,tsp
pasta-alfredo-bb2a1e,Fettuccine or pasta,200,grams
pasta-alfredo-bb2a1e,Butter,2,tbsp
pasta-alfredo-bb2a1e,Heavy cream,1,cup
pasta-alfredo-bb2a1e,Parmesan cheese,0.75,cup grated
pasta-alfredo-bb2a1e,Garlic (minced),2,cloves
pasta-alfredo-bb2a1e,Salt,0.5,tsp
pasta-alfredo-bb2a1e,Pepper,0.25,tsp
pasta-alfredo-bb2a1e,Parsley,1,tbsp chopped
pav-bhaji-184936,Potatoes,4,medium
pav-bhaji-184936,Cauliflower,1,cup chopped
pav-bhaji-184936,Green peas,0.5,cup
pav-bhaji-184936,Tomato,4,medium
pav-bhaji-184936,Onion,2,medium
pav-bhaji-184936,Pav bhaji masala,2,tbsp
pav-bhaji-184936,Butter,3,tbsp
pav-bhaji-184936,Oil,1,tbsp
pav-bhaji-184936,Lemon,1,piece
pav-bhaji-184936,Salt,1.5,tsp
pav-bhaji-184936,Pav buns,8,pieces
pav-bhaji-184936,Coriander (garnish),2,tbsp
sweet-corn-soup-7430fb,Sweet corn (canned or boiled),1,cup
sweet-corn-soup-7430fb,Vegetable stock or water,3,cups
sweet-corn-soup-7430fb,Onion (finely chopped),1,small
sweet-corn-soup-7430fb,Garlic (minced),2,cloves
sweet-corn-soup-7430fb,Carrot (finely chopped),0.25,cup
sweet-corn-soup-7430fb,Capsicum (finely chopped),0.25,cup
sweet-corn-soup-7430fb,Cornflour,1.5,tbsp
sweet-corn-soup-7430fb,"Egg (optional, beaten)",1,piece
sweet-corn-soup-7430fb,Salt,1,tsp
sweet-corn-soup-7430fb,Pepper,0.5,tsp
sweet-corn-soup-7430fb,Spring onion,1,tbsp chopped
sweet-corn-soup-7430fb,Oil,1,tbsp
tomato-soup-a171ba,Tomatoes (ripe),6,medium
tomato-soup-a171ba,Onion,1,small
tomato-soup-a171ba,Garlic,2,cloves
tomato-soup-a171ba,Vegetable stock or water,3,cups
tomato-soup-a171ba,Olive oil,1,tbsp
tomato-soup-a171ba,Sugar,0.5,tsp
tomato-soup-a171ba,Salt,1,tsp
tomato-soup-a171ba,Basil leaves (fresh),6,leaves
tomato-soup-a171ba,Cream (optional),1,tbsp
tomato-soup-a171ba,Pepper,0.25,tsp
tomato-soup-a171ba,Bread croutons (for serving),0.5,cup
veg-burrito-6643ea,Tortilla wraps,2,pieces
veg-burrito-6643ea,Cooked rice,1,cup
veg-burrito-6643ea,Black beans (cooked),0.5,cup
veg-burrito-6643ea,Corn,0.5,cup
veg-burrito-6643ea,Bell pepper,0.5,cup chopped
veg-burrito-6643ea,Onion,0.5,cup chopped
veg-burrito-6643ea,Salsa,3,tbsp
veg-burrito-6643ea,Cheese (optional),0.5,cup grated
veg-burrito-6643ea,Lettuce,0.5,cup shredded
veg-hakka-noodles-99efa5,Hakka noodles,200,grams
veg-hakka-noodles-99efa5,Oil,2,tbsp
veg-hakka-noodles-99efa5,Garlic,3,cloves
veg-hakka-noodles-99efa5,Green chillies,1,piece
veg-hakka-noodles-99efa5,Onion,1,medium
veg-hakka-noodles-99efa5,Cabbage,1,cup shredded
veg-hakka-noodles-99efa5,Carrot,0.5,cup julienned
veg-hakka-noodles-99efa5,Capsicum,0.5,cup julienned
veg-hakka-noodles-99efa5,Spring onion greens,2,tbsp
veg-hakka-noodles-99efa5,Soya sauce,1.5,tbsp
veg-hakka-noodles-99efa5,Vinegar,1,tsp
veg-hakka-noodles-99efa5,Chilli sauce,1,tsp
veg-hakka-noodles-99efa5,Salt,1,tsp
veg-hakka-noodles-99efa5,Pepper,0.5,tsp
veg-manchurian-gravy-78f299,Cabbage,1,cup finely shredded
veg-manchurian-gravy-78f299,Carrot,0.5,cup grated
veg-manchurian-gravy-78f299,Capsicum,0.5,cup finely chopped
veg-manchurian-gravy-78f299,Maida / All-purpose flour,3,tbsp
veg-manchurian-gravy-78f299,Cornflour,2,tbsp
veg-manchurian-gravy-78f299,Salt,0.75,tsp
veg-manchurian-gravy-78f299,Pepper,0.5,tsp
veg-manchurian-gravy-78f299,Oil (for frying),500,ml
veg-manchurian-gravy-78f299,Oil (for gravy),2,tbsp
veg-manchurian-gravy-78f299,Garlic,4,cloves minced
veg-manchurian-gravy-78f299,Ginger,1,tsp minced
veg-manchurian-gravy-78f299,Onion,1,medium chopped
veg-manchurian-gravy-78f299,Tomato ketchup,2,tbsp
veg-manchurian-gravy-78f299,Soya sauce,1,tbsp
veg-manchurian-gravy-78f299,Vinegar,1,tsp
veg-manchurian-gravy-78f299,Spring onion,2,tbsp chopped
aloo-paratha-0625dd,Wheat flour,3,cups
aloo-paratha-0625dd,Boiled potatoes,4,medium
aloo-paratha-0625dd,Green chillies,2,pieces
aloo-paratha-0625dd,Coriander,2,tbsp
aloo-paratha-0625dd,Garam masala,0.5,tsp
aloo-paratha-0625dd,Salt,1,tsp
aloo-paratha-0625dd,Ghee or oil,3,tbsp
aloo-paratha-0625dd,Water,as needed,
chicken-biryani-949171,Basmati rice,2,cups
chicken-biryani-949171,Chicken (with bone),800,grams
chicken-biryani-949171,Onions (fried),3,medium
chicken-biryani-949171,Yogurt,1,cup
chicken-biryani-949171,Ginger garlic paste,2,tbsp
chicken-biryani-949171,Biryani masala,2,tbsp
chicken-biryani-949171,Turmeric,0.5,tsp
chicken-biryani-949171,Red chilli powder,1,tsp
chicken-biryani-949171,Garam masala,1,tsp
chicken-biryani-949171,Mint leaves,0.5,cup
chicken-biryani-949171,Coriander leaves,0.5,cup
chicken-biryani-949171,Fried onions,1,cup
chicken-biryani-949171,Saffron,0.001,pinch
chicken-biryani-949171,Milk (warm),2,tbsp
chicken-biryani-949171,Ghee,2,tbsp
chicken-biryani-949171,Salt,1.5,tsp
chicken-biryani-949171,"Whole spices (bay leaf,cinnamon,cardamom,cloves)",1,tbsp
chicken-biryani-949171,Oil,2,tbsp
chicken-curry-9bf96a,Chicken (cut),800,grams
chicken-curry-9bf96a,Onion,2,medium
chicken-curry-9bf96a,Tomato,2,medium
chicken-curry-9bf96a,Ginger garlic paste,1,tbsp
chicken-curry-9bf96a,Turmeric,0.5,tsp
chicken-curry-9bf96a,Red chilli powder,1,tsp
chicken-curry-9bf96a,Coriander powder,1,tbsp
chicken-curry-9bf96a,Garam masala,1,tsp
chicken-curry-9bf96a,Oil,3,tbsp
chicken-curry-9bf96a,Salt,1.5,tsp
chicken-curry-9bf96a,Coriander (garnish),2,tbsp
chicken-tacos-b53897,Chicken breast (sliced),400,grams
chicken-tacos-b53897,Taco spice mix,2,tbsp
chicken-tacos-b53897,Tortillas,8,pieces
chicken-tacos-b53897,Lettuce,1,cup shredded
chicken-tacos-b53897,Tomato,1,cup diced
chicken-tacos-b53897,Onion,0.5,cup chopped
chicken-tacos-b53897,Oil,2,tbsp
chicken-tacos-b53897,Sour cream (optional),4,tbsp
chocolate-cake-4502d7,All-purpose flour,1.5,cups
chocolate-cake-4502d7,Sugar,1,cup
chocolate-cake-4502d7,Cocoa powder,0.5,cup
chocolate-cake-4502d7,Baking powder,1,tsp
chocolate-cake-4502d7,Baking soda,0.5,tsp
chocolate-cake-4502d7,Salt,0.25,tsp
chocolate-cake-4502d7,Eggs,2,pieces
chocolate-cake-4502d7,Milk,0.5,cup
chocolate-cake-4502d7,Vegetable oil,0.5,cup
chocolate-cake-4502d7,Vanilla extract,1,tsp
chocolate-cake-4502d7,Hot water,0.5,cup
chole-masala-4e3599,Chickpeas (soaked overnight),2,cups
chole-masala-4e3599,Onion,2,medium
chole-masala-4e3599,Tomato,3,medium
chole-masala-4e3599,Ginger garlic paste,1,tbsp
chole-masala-4e3599,Chole masala,2,tbsp
chole-masala-4e3599,Red chilli powder,1,tsp
chole-masala-4e3599,Amchur (dry mango),0.5,tsp
chole-masala-4e3599,Oil,2,tbsp
chole-masala-4e3599,Salt,1.5,tsp
chole-masala-4e3599,Coriander,2,tbsp
dal-tadka-3ff42f,Toor dal,1,cup
dal-tadka-3ff42f,Turmeric,0.5,tsp
dal-tadka-3ff42f,Tomato,1,medium
dal-tadka-3ff42f,Garlic,4,cloves
dal-tadka-3ff42f,Ghee,2,tbsp
dal-tadka-3ff42f,Cumin seeds,1,tsp
dal-tadka-3ff42f,Red chilli,1,piece
dal-tadka-3ff42f,Curry leaves,5,leaves
dal-tadka-3ff42f,Salt,1,tsp
dal-tadka-3ff42f,Coriander (garnish),1,tbsp
egg-fried-rice-8c141f,Cooked rice (day-old),2,cups
egg-fried-rice-8c141f,Eggs,2,pieces
egg-fried-rice-8c141f,Oil,2,tbsp
egg-fried-rice-8c141f,Garlic,2,cloves
egg-fried-rice-8c141f,Spring onions,2,tbsp
egg-fried-rice-8c141f,Soy sauce,1,tbsp
egg-fried-rice-8c141f,Salt,0.5,tsp
egg-fried-rice-8c141f,Pepper,0.25,tsp
gulab-jamun-5bb2c2,Milk powder,1,cup
gulab-jamun-5bb2c2,All-purpose flour,0.25,cup
gulab-jamun-5bb2c2,Baking soda (a pinch),0.01,tsp
gulab-jamun-5bb2c2,Ghee or oil (for deep fry),500,ml
gulab-jamun-5bb2c2,Milk (to knead),0.25,cup
gulab-jamun-5bb2c2,Sugar,2,cups
gulab-jamun-5bb2c2,Water,1.25,cups
gulab-jamun-5bb2c2,Cardamom pods,4,pieces
gulab-jamun-5bb2c2,Rose water (optional),1,tsp
idli-sambar-95c3a4,Idli batter (rice+urad),4,cups
idli-sambar-95c3a4,Toor dal,1,cup
idli-sambar-95c3a4,Tamarind pulp,0.25,cup
idli-sambar-95c3a4,Sambar powder,2,tbsp
idli-sambar-95c3a4,"Mixed vegetables (drumstick, carrot, onion)",2,cups
idli-sambar-95c3a4,Mustard seeds,1,tsp
idli-sambar-95c3a4,Curry leaves,10,leaves
idli-sambar-95c3a4,Oil,2,tbsp
idli-sambar-95c3a4,Salt,1.5,tsp
kheer-76032e,Basmati rice,0.25,cup
kheer-76032e,Full cream milk,1,liter
kheer-76032e,Sugar,0.5,cup
kheer-76032e,Cardamom pods,3,pieces
kheer-76032e,Saffron (optional),1,pinch
kheer-76032e,Cashews & almonds (chopped),2,tbsp
kheer-76032e,Raisins,1,tbsp
khichdi-4a02f193,Rice,2,cups
khichdi-4a02f193,Moong dal,0.5,cups
khichdi-4a02f193,Toor dal,50,grams
khichdi-4a02f193,Onions,2,medium
khichdi-4a02f193,Tomato,1,small
khichdi-4a02f193,Green chilies,4,pieces
khichdi-4a02f193,Potato,1,small
khichdi-4a02f193,Curry leaves,10,leaves
khichdi-4a02f193,Coriander,15,grams
khichdi-4a02f193,Jeera,1,tsp
khichdi-4a02f193,Mustard seeds,0.25,tsp
khichdi-4a02f193,Turmeric,0.5,tsp
khichdi-4a02f193,Red chilli powder,1,tbsp
khichdi-4a02f193,Ginger garlic paste,7,grams
khichdi-4a02f193,Garam masala,1,tbsp
khichdi-4a02f193,Salt,1,tbsp
khichdi-4a02f193,Oil,20,ml
khichdi-4a02f193,Water,4,cups
masala-dosa-87c68c,Parboiled rice,3,cups
masala-dosa-87c68c,Urad dal (split),1,cup
masala-dosa-87c68c,Fenugreek seeds,1,tsp
masala-dosa-87c68c,Potatoes,4,medium
masala-dosa-87c68c,Onion,1,large
masala-dosa-87c68c,Mustard seeds,1,tsp
masala-dosa-87c68c,Curry leaves,10,leaves
masala-dosa-87c68c,Turmeric,0.5,tsp
masala-dosa-87c68c,Green chillies,2,pieces
masala-dosa-87c68c,Oil/ghee,3,tbsp
masala-dosa-87c68c,Salt,2,tsp
masala-dosa-87c68c,Water (for batter),as needed,
masala-dosa-87c68c,Corriander,2,tbsp
paneer-butter-masala-5f759d,Paneer,250,grams
paneer-butter-masala-5f759d,Butter,2,tbsp
paneer-butter-masala-5f759d,Oil,1,tbsp
paneer-butter-masala-5f759d,Onion,2,medium
paneer-butter-masala-5f759d,Tomato,4,medium
paneer-butter-masala-5f759d,Ginger garlic paste,1,tbsp
paneer-butter-masala-5f759d,Cashews,12,pieces
paneer-butter-masala-5f759d,Fresh cream,3,tbsp
paneer-butter-masala-5f759d,Kashmiri red chilli powder,1.5,tsp
paneer-butter-masala-5f759d,Turmeric powder,0.5,tsp
paneer-butter-masala-5f759d,Coriander powder,1,tsp
paneer-butter-masala-5f759d,Garam masala,1,tsp
paneer-butter-masala-5f759d,Kasuri methi,1,tsp
paneer-butter-masala-5f759d,Sugar,1,tsp
paneer-butter-masala-5f759d,Salt,1,tsp
paneer-butter-masala-5f759d,Water,0.5,cup
paneer-butter-masala-5f759d,Coriander (garnish),2,tbsp
paneer-butter-masala-5f759d,Cream (garnish),1,tsp
pasta-alfredo-c7f2cd,Fettuccine or pasta,200,grams
pasta-alfredo-c7f2cd,Butter,2,tbsp
pasta-alfredo-c7f2cd,Heavy cream,1,cup
pasta-alfredo-c7f2cd,Parmesan cheese,0.75,cup grated
pasta-alfredo-c7f2cd,Garlic (minced),2,cloves
pasta-alfredo-c7f2cd,Salt,0.5,tsp
pasta-alfredo-c7f2cd,Pepper,0.25,tsp
pasta-alfredo-c7f2cd,Parsley,1,tbsp chopped
pav-bhaji-86fc2e,Potatoes,4,medium
pav-bhaji-86fc2e,Cauliflower,1,cup chopped
pav-bhaji-86fc2e,Green peas,0.5,cup
pav-bhaji-86fc2e,Tomato,4,medium
pav-bhaji-86fc2e,Onion,2,medium
pav-bhaji-86fc2e,Pav bhaji masala,2,tbsp
pav-bhaji-86fc2e,Butter,3,tbsp
pav-bhaji-86fc2e,Oil,1,tbsp
pav-bhaji-86fc2e,Lemon,1,piece
pav-bhaji-86fc2e,Salt,1.5,tsp
pav-bhaji-86fc2e,Pav buns,8,pieces
pav-bhaji-86fc2e,Coriander (garnish),2,tbsp
sweet-corn-soup-a48a81,Sweet corn (canned or boiled),1,cup
sweet-corn-soup-a48a81,Vegetable stock or water,3,cups
sweet-corn-soup-a48a81,Onion (finely chopped),1,small
sweet-corn-soup-a48a81,Garlic (minced),2,cloves
sweet-corn-soup-a48a81,Carrot (finely chopped),0.25,cup
sweet-corn-soup-a48a81,Capsicum (finely chopped),0.25,cup
sweet-corn-soup-a48a81,Cornflour,1.5,tbsp
sweet-corn-soup-a48a81,"Egg (optional, beaten)",1,piece
sweet-corn-soup-a48a81,Salt,1,tsp
sweet-corn-soup-a48a81,Pepper,0.5,tsp
sweet-corn-soup-a48a81,Spring onion,1,tbsp chopped
sweet-corn-soup-a48a81,Oil,1,tbsp
tomato-soup-65137c,Tomatoes (ripe),6,medium
tomato-soup-65137c,Onion,1,small
tomato-soup-65137c,Garlic,2,cloves
tomato-soup-65137c,Vegetable stock or water,3,cups
tomato-soup-65137c,Olive oil,1,tbsp
tomato-soup-65137c,Sugar,0.5,tsp
tomato-soup-65137c,Salt,1,tsp
tomato-soup-65137c,Basil leaves (fresh),6,leaves
tomato-soup-65137c,Cream (optional),1,tbsp
tomato-soup-65137c,Pepper,0.25,tsp
tomato-soup-65137c,Bread croutons (for serving),0.5,cup
veg-burrito-d6c1f6,Tortilla wraps,2,pieces
veg-burrito-d6c1f6,Cooked rice,1,cup
veg-burrito-d6c1f6,Black beans (cooked),0.5,cup
veg-burrito-d6c1f6,Corn,0.5,cup
veg-burrito-d6c1f6,Bell pepper,0.5,cup chopped
veg-burrito-d6c1f6,Onion,0.5,cup chopped
veg-burrito-d6c1f6,Salsa,3,tbsp
veg-burrito-d6c1f6,Cheese (optional),0.5,cup grated
veg-burrito-d6c1f6,Lettuce,0.5,cup shredded
veg-hakka-noodles-8d614e,Hakka noodles,200,grams
veg-hakka-noodles-8d614e,Oil,2,tbsp
veg-hakka-noodles-8d614e,Garlic,3,cloves
veg-hakka-noodles-8d614e,Green chillies,1,piece
veg-hakka-noodles-8d614e,Onion,1,medium
veg-hakka-noodles-8d614e,Cabbage,1,cup shredded
veg-hakka-noodles-8d614e,Carrot,0.5,cup julienned
veg-hakka-noodles-8d614e,Capsicum,0.5,cup julienned
veg-hakka-noodles-8d614e,Spring onion greens,2,tbsp
veg-hakka-noodles-8d614e,Soya sauce,1.5,tbsp
veg-hakka-noodles-8d614e,Vinegar,1,tsp
veg-hakka-noodles-8d614e,Chilli sauce,1,tsp
veg-hakka-noodles-8d614e,Salt,1,tsp
veg-hakka-noodles-8d614e,Pepper,0.5,tsp
veg-manchurian-gravy-dd9ca6,Cabbage,1,cup finely shredded
veg-manchurian-gravy-dd9ca6,Carrot,0.5,cup grated
veg-manchurian-gravy-dd9ca6,Capsicum,0.5,cup finely chopped
veg-manchurian-gravy-dd9ca6,Maida / All-purpose flour,3,tbsp
veg-manchurian-gravy-dd9ca6,Cornflour,2,tbsp
veg-manchurian-gravy-dd9ca6,Salt,0.75,tsp
veg-manchurian-gravy-dd9ca6,Pepper,0.5,tsp
veg-manchurian-gravy-dd9ca6,Oil (for frying),500,ml
veg-manchurian-gravy-dd9ca6,Oil (for gravy),2,tbsp
veg-manchurian-gravy-dd9ca6,Garlic,4,cloves minced
veg-manchurian-gravy-dd9ca6,Ginger,1,tsp minced
veg-manchurian-gravy-dd9ca6,Onion,1,medium chopped
veg-manchurian-gravy-dd9ca6,Tomato ketchup,2,tbsp
veg-manchurian-gravy-dd9ca6,Soya sauce,1,tbsp
veg-manchurian-gravy-dd9ca6,Vinegar,1,tsp
veg-manchurian-gravy-dd9ca6,Spring onion,2,tbsp chopped
good-9b4314,Paneer,200,grams
good-9b4314,Curd,3,tbsp
good-aef9ef,Pasta,150,grams
good-aef9ef,Cream,1/2,cup
